Workbook

Sheet common
A1: Label | B1: Machine Name | C1: New Machine Name | D1: Format | E1: Comment
A2: AbstractCourseFlowModel
A3: ID | B3: id | C3: id
A4: UUID | B4: hash | C4: uuid
A5: Title | B5: title | C5: title | D5: varchar(200)
A6: Last modified | B6: date_modified | C6: modified_on | D6: datetime(6) | E6: Used for sorting
A7: Created on | B7: date_created | C7: date_created | D7: datetime(6) | E7: Displayed on thumbnail, used for sorting
A9: AbstractWorkspaceModel
A10: Published | B10: published | C10: is_published | D10: boolean | E10: Set by the user, determines if it displays in EXPLORE section
A11: Is template | B11: is_template | C11: is_template | D11: boolean | E11: this is just a flag, any super amdin can toggle this flag on or off
A13: TimeFields
A14: Time | C14: time | D14: Duration | E14: Applies to all workflow types, filled by user or calculated automatically
A15: Individual Time | B15: ponderation_individual | C15: time_individual | D15: Duration | E15: Applies only to Course Nodes (nodes in Program) | Program workflow
A16: Practical Time | B16: ponderation_practical | C16: time_practical | D16: Duration | E16: Applies only to Course Nodes (nodes in Program) | Program workflow
A17: Theory Time | B17: ponderation_theory | C17: time_theory | D17: Duration | E17: Applies only to Course Nodes (nodes in Program) | Program workflow
A18: Credits | C18: credits | D18: Number | E18: Applies only to Courses and Program workflow | Program nodes

Sheet user
A1: ENTITY | B1: Backend | G1: Frontend
A2: Common Model | B2: Label | C2: Machine Name | D2: Format | E2: Relationship Owner | F2: Comments | G2: Writeable | H2: Frontend Field Description
B3: ID | C3: id | D3: int | E3: NA
B4: UUID | C4: uuid | D4: uuid | E4: NA
B5: First Name | C5: first_name | D5: string | E5: NA
B6: Last Name | C6: last_name | D6: string | E6: NA
B7: Password | C7: password | D7: password | E7: NA
B8: email | C8: email | D8: string | E8: NA
A11: Relationships
B12: Workflows | C12: workflows | D12: relationship | workflow | 1:m | E12: INVERSE
B13: Favorite Workflows | C13: favoriteworkflows | D13: relationship | favorite_workflow | 1:m | E13: INVERSE
B14: Favorite Project | C14: favoriteprojects | D14: relationship | favorite_workflow | 1:m | E14: INVERSE
B15: Comments | C15: comments | D15: relationship | comment | 1:m | E15: INVERSE
B16: Project Teams | C16: projectteam_members | D16: relationship | projectteam_member | 1:m | E16: INVERSE
B17: User Notification | C17: notifications | D17: relationship | notification | 1:m | E17: INVERSE
B18: Projects | C18: projects | D18: relationship | notification | 1:m | E18: INVERSE

Sheet projectteam
A1: ENTITY | B1: Backend | F1: Frontend
A2: Common Model | B2: Label | C2: Machine Name | D2: Format | E2: Comments | F2: Writeable | G2: Frontend Field Description
B3: ID | C3: id | D3: int
B4: UUID | C4: uuid | D4: uuid
A6: Relationships
B7: Project | C7: user_fk | D7: relationship | user | m:1 | E7: OWNER | F7: To user ID (was author)

Sheet projectteam_member
A1: JOIN TABLE | B1: Backend | F1: Frontend
A2: Common Model | B2: Label | C2: Machine Name | D2: Format | E2: Comments | F2: Writeable | G2: Frontend Field Description
A5: Relationships
B6: User | C6: user_fk | D6: relationship | user | m:1 | E6: OWNER | F6: To user ID (was author)
B7: ProjectTeam | C7: projectteam_fk | D7: relationship | user | m:1 | E7: OWNER | F7: To user ID (was author)

Sheet notification
A1: ENTITY | B1: Backend | G1: Frontend
A2: Common Model | B2: Label | C2: Machine Name | D2: Format | E2: relationship owner | F2: Comments | G2: Writeable | H2: Frontend Field Description
B3: ID | C3: id | D3: int
B4: UUID | C4: uuid | D4: uuid
B5: message | C5: message | D5: string
B6: read
B7: Created on | C7: date_created | D7: date_created | E7: datetime(6) | F7: Displayed on thumbnail, used for sorting
A9: Relationships
B10: user | C10: user_fk | D10: relationship | user | m:1 | E10: OWNER

Sheet favorite_workflow
A1: JOIN | B1: Backend | G1: Frontend
A2: Common Model | B2: Label | C2: Machine Name | D2: Format | E2: Relationship Owner | F2: Comments | G2: Writeable | H2: Frontend Field Description
A3: Relationships
B4: Workflow | C4: workflow_fk | D4: relationship | user | m:1 | E4: OWNER | F4: To user ID (was author)
B5: User | C5: user_fk | D5: relationship | user | m:1 | E5: OWNER | F5: To user ID (was author)

Sheet favorite_project
A1: JOIN | B1: Backend | G1: Frontend
A2: Common Model | B2: Label | C2: Machine Name | D2: Format | E2: Relationship Owner | F2: Comments | G2: Writeable | H2: Frontend Field Description
A3: Relationships
B4: Project | C4: project_fk | D4: relationship | user | m:1 | E4: OWNER | F4: To user ID (was author)
B5: User | C5: user_fk | D5: relationship | user | m:1 | E5: OWNER | F5: To user ID (was author)

Sheet project
A1: ENTITY | B1: Backend | G1: Frontend
A2: Common Model | B2: Label | C2: Machine Name | D2: Format | E2: Relationship Owner | F2: Comments | G2: Writeable | H2: Frontend Field Description
A3: =common!A2 -> AbstractCourseFlowModel | B3: =common!A3 -> ID | C3: =common!C3 -> id | D3: =common!D3 | F3: =common!E3
B4: =common!A5 -> Title | C4: =common!C5 -> title | D4: =common!D5 -> varchar(200) | F4: =common!E5 | G4: X | H4: Text field with "Title" label
B5: =common!A6 -> Last modified | C5: =common!C6 -> modified_on | D5: =common!D6 -> datetime(6) | F5: =common!E6 -> Used for sorting
B6: =common!A7 -> Created on | C6: =common!C7 -> date_created | D6: =common!D7 -> datetime(6) | F6: =common!E7 -> Displayed on thumbnail, used for sorting
B7: =common!A4 -> UUID | C7: =common!C4 -> uuid | D7: =common!D4 | F7: =common!E4
A8: =common!A9 -> AbstractWorkspaceModel | B8: =common!A10 -> Published | C8: =common!C10 -> is_published | D8: =common!D10 -> boolean | F8: =common!E10 -> Set by the user, determines if it displays in EXPLORE section | G8: X | H8: Button with "Publish" label
B9: =common!A11 -> Is template | C9: =common!C11 -> is_template | D9: =common!D11 -> boolean | F9: =common!E11 -> this is just a flag, any super amdin can toggle this flag on or off
B10: Description | C10: description | D10: WYSIWYG | F10: Filled by user | G10: X | H10: Text field with "Description" label
A12: Relationships
B13: Owner | C13: user_fk | D13: relationship | user | m:1 | E13: OWNER | F13: To user ID (was author)
B14: Discipline | C14: disciplines | D14: relationship | discipline | n:m | E14: JOIN | G14: X | H14: Multi select list with "Descipline" label
B15: Favorites | C15: favorites | D15: relationship | favorite | 1:m | E15: JOIN
B16: Tags | C16: tags | D16: relationship | tag | 1:m | E16: INVERSE | G16: X | H16: Text field with "Add new tag" placeholder
B17: Favorites | C17: favorites | D17: relationship | tag | 1:m | E17: INVERSE | G17: X | H17: Text field with "Add new tag" placeholder
B18: Favorite Project | C18: favoriteprojects | D18: relationship | favorite_workflow | 1:m | E18: INVERSE

Sheet workflow
A1: ENTITY | B1: Backend | G1: Frontend
A2: Common Model | B2: Label | C2: Machine Name | D2: Format | E2: relationship owner | F2: Comments | G2: Writeable | H2: Frontend Field Description
A3: =common!A2 -> AbstractCourseFlowModel | B3: =common!A3 -> ID | C3: =common!C3 -> id | D3: =common!D3 | F3: =common!E3
B4: =common!A5 -> Title | C4: =common!C5 -> title | D4: =common!D5 -> varchar(200) | F4: =common!E5 | G4: X | H4: Text field with "Title" label
B5: =common!A6 -> Last modified | C5: =common!C6 -> modified_on | D5: =common!D6 -> datetime(6) | F5: =common!E6 -> Used for sorting
B6: =common!A7 -> Created on | C6: =common!C7 -> date_created | D6: =common!D7 -> datetime(6) | F6: =common!E7 -> Displayed on thumbnail, used for sorting
B7: =common!A4 -> UUID | C7: =common!C4 -> uuid | D7: =common!D4 | F7: =common!E4
A9: Relationships
B10: Owner | C10: user_fk | D10: relationship | user | m:1 | E10: OWNER
B11: Parent project | C11: project_fk | D11: relationship | project | m:1 | E11: OWNER
B12: Unit | C12: unit_fk | D12: relationship | project | m:1 | E12: OWNER
B13: Users | C13: users | D13: relationship | user | 1:m | E13: JOIN
B14: Favorite Workflows | C14: favoriteworkflows | D14: relationship | favorite_workflow | 1:m | E14: INVERSE
B15: Sections | C15: sections | D15: relationship | user | 1:m | E15: INVERSE
B16: Channels | C16: channels | D16: relationship | user | 1:m | E16: INVERSE

Sheet unit
A1: ENTITY | B1: Backend | G1: Frontend
A2: Common Model | B2: Label | C2: Machine Name | D2: Format | E2: Relationship Owner | F2: Comments | G2: Writeable | H2: Frontend Field Description
A3: =common!A2 -> AbstractCourseFlowModel | B3: =common!A3 -> ID | C3: =common!C3 -> id | D3: =common!D3 | F3: =common!E3
B4: =common!A5 -> Title | C4: =common!C5 -> title | D4: =common!D5 -> varchar(200) | F4: =common!E5 | G4: X | H4: Text field with "Title" label
B5: =common!A6 -> Last modified | C5: =common!C6 -> modified_on | D5: =common!D6 -> datetime(6) | F5: =common!E6 -> Used for sorting
B6: =common!A7 -> Created on | C6: =common!C7 -> date_created | D6: =common!D7 -> datetime(6) | F6: =common!E7 -> Displayed on thumbnail, used for sorting
B7: =common!A4 -> UUID | C7: =common!C4 -> uuid | D7: =common!D4 | F7: =common!E4
B8: Description | C8: description | D8: longtext | WYSIWYG | F8: Filled by user | G8: X | H8: Text field with "Description" label
B9: Type | C9: unit_type | D9: enum | UNIT_TYPE | F9: ACTIVITY | COURSE | PROGRAM | TASK
A11: Relationships
B12: Meta | C12: meta_fk | D12: relatinoship | unit | 1:1 | E12: OWNER
B13: Workflow | C13: workflow_fk | D13: relationship | workflow | 1:1 | E13: OWNER
B14: Nodes | C14: nodes | D14: relationship | node | 1:m | E14: INVERSE

Sheet channel
A1: ENTITY | B1: Backend | G1: Frontend
A2: Common Model | B2: Label | C2: Machine Name | D2: Format | E2: Relationship Owner | F2: Comments | G2: Writeable | H2: Frontend Field Description
A3: =common!A2 -> AbstractCourseFlowModel | B3: =common!A3 -> ID | C3: =common!C3 -> id | D3: =common!D3 | F3: =common!E3
B4: =common!A5 -> Title | C4: =common!C5 -> title | D4: =common!D5 -> varchar(200) | F4: =common!E5 | G4: X | H4: Text field with "Title" label
B5: =common!A6 -> Last modified | C5: =common!C6 -> modified_on | D5: =common!D6 -> datetime(6) | F5: =common!E6 -> Used for sorting
B6: =common!A7 -> Created on | C6: =common!C7 -> date_created | D6: =common!D7 -> datetime(6) | F6: =common!E7 -> Displayed on thumbnail, used for sorting
B7: =common!A4 -> UUID | C7: =common!C4 -> uuid | D7: =common!D4 | F7: =common!E4
B8: Position | C8: position | D8: int | G8: X | H8: User can reorder the section by drag and drop
A10: Relationships
B11: Related workflow | C11: workflow_fk | D11: relationship | workflow | m:1 | E11: OWNER
B12: Comment Thread | C12: thread_fk | D12: relationship | workflow | m:1 | E12: OWNER

Sheet section
A1: ENTITY | B1: Backend | G1: Frontend
A2: Common Model | B2: Label | C2: Machine Name | D2: Format | E2: Relationship Owner | F2: Comments | G2: Writeable | H2: Frontend Field Description
A3: =common!A2 -> AbstractCourseFlowModel | B3: =common!A3 -> ID | C3: =common!C3 -> id | D3: =common!D3 | F3: =common!E3
B4: =common!A5 -> Title | C4: =common!C5 -> title | D4: =common!D5 -> varchar(200) | F4: =common!E5 | G4: X | H4: Text field with "Title" label
B5: =common!A6 -> Last modified | C5: =common!C6 -> modified_on | D5: =common!D6 -> datetime(6) | F5: =common!E6 -> Used for sorting
B6: =common!A7 -> Created on | C6: =common!C7 -> date_created | D6: =common!D7 -> datetime(6) | F6: =common!E7 -> Displayed on thumbnail, used for sorting
B7: =common!A4 -> UUID | C7: =common!C4 -> uuid | D7: =common!D4 | F7: =common!E4
B8: Position | C8: position | D8: int | G8: X | H8: User can reorder the section by drag and drop
A10: Relationships
B11: Related workflow | C11: workflow_fk | D11: relationship | workflow | m:1 | E11: OWNER
B12: Comment Thread | C12: thread_fk | D12: relationship | workflow | m:1 | E12: OWNER

Sheet node
A1: ENTITY | B1: Backend | G1: Frontend
A2: Common Model | B2: Label | C2: Machine Name | D2: Format | E2: Relationship Owner | F2: Comments | G2: Writeable | H2: Frontend Field Description
B3: ID | C3: id | D3: int
B4: UUID | C4: uuid | D4: uuid
A6: Relationships
B7: Tags | C7: tags | D7: Relationship | tag | n:m | E7: JOIN
B8: Edges | C8: edges | D8: Relationship | edge | 1:m | E8: INVERSE
B9: Section | C9: section_fk | D9: Relationship | section | m:1 | E9: OWNER
B10: Outcome | C10: outcome_fk | D10: Relationship | outcome | m:1 | E10: OWNER
B11: Channel | C11: channel_fk | D11: Relationship | channel | m:1 | E11: OWNER
B12: Comment Thread | C12: thread_fk | D12: Relationship | thread | m:1 | E12: OWNER
B13: Unit | C13: unit_fk | D13: Relationship | unit | m:1 | E13: OWNER

Sheet edge
A1: ENTITY | B1: Backend | G1: Frontend
A2: Common Model | B2: Label | C2: Machine Name | D2: Format | E2: relationship owner | F2: Comments | G2: Writeable | H2: Frontend Field Description
B3: Line Type | C3: line_type | D3: enum | LINE_TYPE | E3: NA
B4: Target Port | C4: target_port | D4: enum | PORT_ID | E4: NA
B5: Source Port | C5: source_port | D5: enum | PORT_ID | E5: NA
A7: Relationships
B8: Source Node | C8: sourcenode_fk | D8: relationship | node | m:1 | E8: OWNER
B9: Target Node | C9: targetnode_fk | D9: relationship | node | m:1 | E9: OWNER

Sheet comment
A1: ENTITY | B1: Backend | G1: Frontend
A2: Common Model | B2: Label | C2: Machine Name | D2: Format | E2: relationship owner | F2: Comments | G2: Writeable | H2: Frontend Field Description
B3: ID | C3: id | D3: id
B4: UUID | C4: hash | D4: uuid
B5: Last modified | C5: date_modified | D5: datetime(6) | F5: Used for sorting
B6: Created on | C6: date_created | D6: datetime(6) | F6: Displayed on thumbnail, used for sorting
B7: body | C7: body | D7: string
A9: Relationships
B10: Owner | C10: user_fk | D10: relationship | user | m:1 | E10: OWNER
B11: Comment Thread | C11: thread_fk | D11: relationship | user | m:1 | E11: OWNER

Sheet thread
A1: ENTITY | B1: Backend | G1: Frontend
A2: Common Model | B2: Label | C2: Machine Name | D2: Format | E2: relationship owner | F2: Comments | G2: Writeable | H2: Frontend Field Description
B3: ID | C3: id | D3: id | E3: NA
B4: UUID | C4: hash | D4: uuid | E4: NA
B5: Last modified | C5: date_modified | D5: datetime(6) | E5: NA | F5: Used for sorting
B6: Created on | C6: date_created | D6: datetime(6) | E6: NA | F6: Displayed on thumbnail, used for sorting
A9: Relationships
B10: Comment Thread | C10: thread_fk | D10: relationship | user | m:1 | E10: OWNER
B11: Outcome | C11: outcome_fk | D11: relationship | outcome | 1:1 | E11: OWNER
B12: Channel | C12: channel_fk | D12: relationship | channel | 1:1 | E12: OWNER
B13: Node | C13: node_fk | D13: relationship | node | 1:1 | E13: OWNER
B14: Section | C14: section_fk | D14: relationship | section | 1:1 | E14: OWNER

Sheet programmeta
A1: ENTITY | B1: Backend | G1: Frontend
A2: Common Model | B2: Label | C2: Machine Name | D2: Format | E2: relationship owner | F2: Comments | G2: Writeable | H2: Frontend Field Description
A3: ...TimeFIelds
C5: calculate_time | D5: string | F5: Applies to all workflow types, filled by user | I5: summing time from children
C6: calculate_credits | D6: string | F6: Applies only to Programs, filled by user | I6: summing credits fom childeren
C7: calculate_ponderation | D7: string | F7: Applies only to Programs | I7: sum time_individual etc but keep separate
C8: calculate_classification | D8: string | F8: Applies only to Programs only, filled by user | I8: calculate_classification
C9: classification_general_time | D9: string | F9: Applies only to Programs only, filled by user or calculated automatically | I9: classification_general_time
C10: classification_specific_time | D10: string | F10: Applies only to Programs only, filled by user or calculated automatically | I10: classification_specific_time

Sheet coursemeta
A1: ENTITY | B1: Backend | G1: Frontend
A2: Common Model | B2: Label | C2: Machine Name | D2: Format | E2: relationship owner | F2: Comments | G2: Writeable | H2: Frontend Field Description
A3: ...TimeFIelds
C4: classification | D4: string
C5: code | D5: string | F5: Applies only to Courses, filled by user

Sheet taskmeta
A1: ENTITY | B1: Backend | G1: Frontend
A2: Common Model | B2: Label | C2: Machine Name | D2: Format | E2: relationship owner | F2: Comments | G2: Writeable | H2: Frontend Field Description
B3: Context | C3: context | D3: string

Sheet activitymeta
A1: ENTITY | B1: Backend | G1: Frontend
A2: Common Model | B2: Label | C2: Machine Name | D2: Format | E2: relationship owner | F2: Comments | G2: Writeable | H2: Frontend Field Description
B3: Context | C3: context | D3: string
B4: Classification | C4: classification | D4: string

Sheet outcome
A1: ENTITY | B1: Backend | G1: Frontend
A2: Common Model | B2: Label | C2: Machine Name | D2: Format | E2: relationship owner | F2: Comments | G2: Writeable | H2: Frontend Field Description
A6: Relationships
B7: Comment Thread | C7: thread_fk | D7: relationship | thread | 1:1 | E7: OWNER
B8: workflow | C8: workflow_fk | D8: relationship | workflow | m:1 | E8: OWNER
B9: outcome | C9: parentoutcome_fk | D9: relationship | outcome | n:m
B10: Horizontal Outcome Links | C10: horizontaloutcome | D10: relationship | outcome | n:m | E10: JOIN
B11: node | C11: nodes | D11: relationship | node | n:m | E11: JOIN
B12: tag | C12: tags | D12: relationship | tag | n:m | E12: JOIN

Sheet horizontaloutcome
A1: ENTITY | B1: Backend | G1: Frontend
A2: Common Model | B2: Label | C2: Machine Name | D2: Format | E2: relationship owner | F2: Comments | G2: Writeable | H2: Frontend Field Description
A7: Relationships
B8: Outcomes | C8: relationship | outcome | n:m | D8: JOIN

Sheet discipline
A1: ENTITY | B1: Backend | G1: Frontend
A2: Common Model | B2: Label | C2: Machine Name | D2: Format | E2: relationship owner | F2: Comments | G2: Writeable | H2: Frontend Field Description
B3: ID | C3: id | E3: int
B4: Label | C4: label | E4: string
B5: translation_plural | C5: translation_plural | D5: label_plural | E5: string
A7: Relationships
B8: Projects | C8: projects | D8: relationship | discipline | n:m | E8: JOIN | G8: X | H8: Multi select list with "Descipline" label

Sheet tag
A1: ENTITY | B1: Backend | G1: Frontend
A2: Common Model | B2: Label | C2: Machine Name | D2: Format | E2: relationship owner | F2: Comments | G2: Writeable | H2: Frontend Field Description
B3: ID | C3: id | D3: int
B4: Label | C4: label | D4: string
B5: translation_plural | C5: translation_plural | D5: string
A7: Relationships
B8: Parent Project | C8: project_fk | D8: relationship | project | m:1 | E8: OWNER
B9: Outdomes | C9: outcomes | D9: relationship | outcome | n:m | E9: JOIN
B10: Nodes | C10: nodes | D10: relationship | node | n:m | E10: JOIN

Sheet Node meta
A1: ON HOLD
